Car Company,Car Model,Style Name,Year,Mileage,Transmission Type,Engine,Fuel Type,Body Type,Price,Link
Nissan,Altima,2.5 S FWD,2020,21484,Automatic,2.5L Inline-4 Gas,Gas,Sedan,15748.0,https://www.truecar.com/used-cars-for-sale/listing/1N4BL4BV7LC255821
Ford,Fusion,SE FWD,2016,115457,Automatic,2.5L Inline-4 Gas,Gas,Sedan,10995.0,https://www.truecar.com/used-cars-for-sale/listing/3FA6P0H71GR331743
Ford,F-150,XLT SuperCrew 5.5' Box 4WD,2019,106062,Automatic,3.3L V-6 Gas,Gas,Pickup Truck,25990.0,https://www.truecar.com/used-cars-for-sale/listing/1FTEW1EB8KFA65084
Nissan,Altima,2.5 S FWD,2020,67179,Automatic,2.5L Inline-4 Gas,Gas,Sedan,17951.0,https://www.truecar.com/used-cars-for-sale/listing/1N4BL4BV8LC193362
Dodge,Charger,SXT RWD,2019,57400,Automatic,3.6L V-6 Gas,Gas,Sedan,19758.0,https://www.truecar.com/used-cars-for-sale/listing/2C3CDXBG9KH717617
Chevrolet,Traverse,LT Cloth with 1LT FWD,2020,180320,Automatic,3.6L V-6 Gas,Gas,SUV,16995.0,https://www.truecar.com/used-cars-for-sale/listing/1GNERGKW8LJ149932
Chevrolet,Equinox,LT with 1LT AWD,2019,36179,Automatic,1.5L Inline-4 Gas Turbocharged,Gas,SUV,18900.0,https://www.truecar.com/used-cars-for-sale/listing/2GNAXUEV9K6153053
Nissan,Sentra,SV CVT,2019,54310,Automatic,1.8L Inline-4 Gas,Gas,Sedan,15495.0,https://www.truecar.com/used-cars-for-sale/listing/3N1AB7AP1KY246537
Toyota,Mirai,Sedan,2019,61368,Automatic,L - Hydrogen,Hydrogen,Sedan,15000.0,https://www.truecar.com/used-cars-for-sale/listing/JTDBVRBD1KA007230
Ford,F-150,XLT SuperCrew 5.5' Box 4WD,2019,29954,Automatic,2.7L V-6 Gas Turbocharged,Gas,Pickup Truck,34989.0,https://www.truecar.com/used-cars-for-sale/listing/1FTEW1EP4KFC59154
Ford,F-150,XLT SuperCrew 5.5' Box 4WD,2020,79400,Automatic,3.5L V-6 Gas Turbocharged,Gas,Pickup Truck,30510.0,https://www.truecar.com/used-cars-for-sale/listing/1FTEW1E40LFB21733
Hyundai,Elantra,SEL 2.0L IVT,2020,39931,Automatic,2.0L Inline-4 Gas,Gas,Sedan,15837.0,https://www.truecar.com/used-cars-for-sale/listing/5NPD84LF5LH517741
Kia,Optima,LX Automatic,2020,63456,Automatic,2.4L Inline-4 Gas,Gas,Sedan,16994.0,https://www.truecar.com/used-cars-for-sale/listing/5XXGT4L39LG388111
Ford,F-150,XLT SuperCrew 5.5' Box 4WD,2020,76495,Automatic,5.0L V-8 Gas,Gas,Pickup Truck,28840.0,https://www.truecar.com/used-cars-for-sale/listing/1FTFW1E55LFB72481
Ford,F-150,XLT SuperCrew 5.5' Box 4WD,2018,118109,Automatic,3.3L V-6 Gas,Gas,Pickup Truck,20990.0,https://www.truecar.com/used-cars-for-sale/listing/1FTEW1EB4JFC72540
Ford,Super Duty F-250,Lariat 4WD Crew Cab 6.75' Box,2019,90976,Automatic,6.2L V-8 Gas,Gas,Pickup Truck,45850.0,https://www.truecar.com/used-cars-for-sale/listing/1FT7W2B60KED76388
Kia,Soul,Base Automatic,2015,96062,Automatic,1.6L Inline-4 Gas,Gas,Hatchback,10951.0,https://www.truecar.com/used-cars-for-sale/listing/KNDJN2A24F7227208
Ford,F-150,Lariat SuperCrew 5.5' Box 4WD,2020,64789,Automatic,3.5L V-6 Gas Turbocharged,Gas,Pickup Truck,32995.0,https://www.truecar.com/used-cars-for-sale/listing/1FTEW1E42LFA97919
Nissan,Altima,2.5 S FWD,2020,70897,Automatic,2.5L Inline-4 Gas,Gas,Sedan,17951.0,https://www.truecar.com/used-cars-for-sale/listing/1N4BL4BV5LC194291
Chevrolet,Malibu,LT,2020,58667,Automatic,1.5L Inline-4 Gas Turbocharged,Gas,Sedan,16900.0,https://www.truecar.com/used-cars-for-sale/listing/1G1ZD5ST4LF094216
Chevrolet,Malibu,LT,2020,160835,Automatic,1.5L Inline-4 Gas Turbocharged,Gas,Sedan,13995.0,https://www.truecar.com/used-cars-for-sale/listing/1G1ZD5ST4LF005714
Nissan,Sentra,S CVT,2019,55845,Automatic,1.8L Inline-4 Gas,Gas,Sedan,12900.0,https://www.truecar.com/used-cars-for-sale/listing/3N1AB7AP3KY361060
Ford,F-150,XLT SuperCrew 5.5' Box 4WD,2018,134565,Automatic,2.7L V-6 Gas Turbocharged,Gas,Pickup Truck,21394.0,https://www.truecar.com/used-cars-for-sale/listing/1FTEW1EP9JKE97099
Hyundai,Sonata,GLS 2.4L,2013,106420,Automatic,2.4L Inline-4 Gas,Gas,Sedan,8999.0,https://www.truecar.com/used-cars-for-sale/listing/5NPEB4AC9DH690601
Nissan,Altima,2.5 S,2015,100292,Automatic,2.5L Inline-4 Gas,Gas,Sedan,8994.0,https://www.truecar.com/used-cars-for-sale/listing/1N4AL3AP6FN351179
Hyundai,Elantra,SEL 2.0L IVT,2020,76876,Automatic,2.0L Inline-4 Gas,Gas,Sedan,15125.0,https://www.truecar.com/used-cars-for-sale/listing/5NPD84LF5LH583755
Chevrolet,Malibu,LT,2020,71088,Automatic,1.5L Inline-4 Gas Turbocharged,Gas,Sedan,16943.0,https://www.truecar.com/used-cars-for-sale/listing/1G1ZD5ST1LF075395
Hyundai,Elantra,SE Sedan Automatic,2016,131075,Automatic,1.8L Inline-4 Gas,Gas,Sedan,7750.0,https://www.truecar.com/used-cars-for-sale/listing/5NPDH4AE6GH753279
Ford,F-150,XLT SuperCrew 5.5' Box 4WD,2019,98001,Automatic,2.7L V-6 Gas Turbocharged,Gas,Pickup Truck,26350.0,https://www.truecar.com/used-cars-for-sale/listing/1FTEW1EP4KKC93912
Toyota,Camry,SE FWD Automatic,2020,58240,Automatic,2.5L Inline-4 Gas,Gas,Sedan,20548.0,https://www.truecar.com/used-cars-for-sale/listing/4T1G11AK2LU942741
Ford,Super Duty F-250,Lariat 4WD Crew Cab 6.75' Box,2019,154258,Automatic,6.2L V-8 Gas,Gas,Pickup Truck,37483.0,https://www.truecar.com/used-cars-for-sale/listing/1FT7W2B68KEE40287
Nissan,Rogue,S AWD,2017,91706,Automatic,2.5L Inline-4 Gas,Gas,SUV,13777.0,https://www.truecar.com/used-cars-for-sale/listing/KNMAT2MV4HP522050
Nissan,Altima,2.5 S,2015,117921,Automatic,2.5L Inline-4 Gas,Gas,Sedan,9995.0,https://www.truecar.com/used-cars-for-sale/listing/1N4AL3AP0FC422341
Nissan,Altima,2.5 S,2015,76309,Automatic,2.5L Inline-4 Gas,Gas,Sedan,12499.0,https://www.truecar.com/used-cars-for-sale/listing/1N4AL3APXFN394729
Toyota,Camry,SE Automatic,2019,60762,Automatic,2.5L Inline-4 Gas,Gas,Sedan,15500.0,https://www.truecar.com/used-cars-for-sale/listing/4T1B11HK5KU710617
Hyundai,Elantra,SEL IVT (SULEV),2020,36561,Automatic,2.0L Inline-4 Gas,Gas,Sedan,16999.0,https://www.truecar.com/used-cars-for-sale/listing/5NPD84LF1LH633017
Ford,F-150,XL SuperCrew 5.5' Box 4WD,2018,207015,Automatic,5.0L V-8 Gas,Gas,Pickup Truck,14990.0,https://www.truecar.com/used-cars-for-sale/listing/1FTEW1E50JKF95369
Nissan,Sentra,SV CVT,2019,35656,Automatic,1.8L Inline-4 Gas,Gas,Sedan,15000.0,https://www.truecar.com/used-cars-for-sale/listing/3N1AB7AP5KY225853
Nissan,Altima,2.5 S,2015,148908,Automatic,2.5L Inline-4 Gas,Gas,Sedan,7998.0,https://www.truecar.com/used-cars-for-sale/listing/1N4AL3AP0FC594059
Ford,F-150,XL Regular Cab 6.5' Box 4WD,2018,51865,Automatic,3.3L V-6 Gas,Gas,Pickup Truck,24195.0,https://www.truecar.com/used-cars-for-sale/listing/1FTMF1EB7JKE87266
Nissan,Versa,SV CVT,2020,65123,Automatic,1.6L Inline-4 Gas,Gas,Sedan,15800.0,https://www.truecar.com/used-cars-for-sale/listing/3N1CN8EV8LL883373
Toyota,Corolla,LE CVT,2020,53425,Automatic,1.8L Inline-4 Gas,Gas,Sedan,15995.0,https://www.truecar.com/used-cars-for-sale/listing/5YFEPRAE9LP119871
Ford,F-150,XL SuperCrew 5.5' Box 4WD,2014,67563,Automatic,3.5L V-6 Gas Turbocharged,Gas,Pickup Truck,17991.0,https://www.truecar.com/used-cars-for-sale/listing/1FTFW1ET7EKG52563
Nissan,Sentra,SV CVT,2019,61467,Automatic,1.8L Inline-4 Gas,Gas,Sedan,12999.0,https://www.truecar.com/used-cars-for-sale/listing/3N1AB7AP8KY431667
Dodge,Grand Caravan,SXT,2019,55219,Automatic,3.6L V-6 Gas,Gas,Minivan,16300.0,https://www.truecar.com/used-cars-for-sale/listing/2C4RDGCG8KR671728
Toyota,Corolla,LE CVT,2021,61090,Automatic,1.8L Inline-4 Gas,Gas,Sedan,16000.0,https://www.truecar.com/used-cars-for-sale/listing/5YFEPMAE4MP165242
Ford,F-150,XLT SuperCrew 5.5' Box 4WD,2020,66586,Automatic,5.0L V-8 Gas,Gas,Pickup Truck,30883.0,https://www.truecar.com/used-cars-for-sale/listing/1FTEW1E59LFA26175
Toyota,Prius,Two,2010,141793,Automatic,1.8L Inline-4 Hybrid,Hybrid,Sedan,8941.0,https://www.truecar.com/used-cars-for-sale/listing/JTDKN3DU5A1272452
Nissan,Versa,SV CVT,2021,63173,Automatic,1.6L Inline-4 Gas,Gas,Sedan,15951.0,https://www.truecar.com/used-cars-for-sale/listing/3N1CN8EV4ML814567
Ford,Focus,SE Sedan,2018,36136,Automatic,1.0L Inline-3 Gas Turbocharged,Gas,Sedan,13901.0,https://www.truecar.com/used-cars-for-sale/listing/1FADP3FE0JL292675
Hyundai,Elantra,SEL 2.0L IVT,2020,59559,Automatic,2.0L Inline-4 Gas,Gas,Sedan,15000.0,https://www.truecar.com/used-cars-for-sale/listing/5NPD84LF4LH580734
Ford,F-150,XLT SuperCrew 5.5' Box 2WD,2018,105445,Automatic,3.3L V-6 Gas,Gas,Pickup Truck,21503.0,https://www.truecar.com/used-cars-for-sale/listing/1FTEW1CB0JKC56636
Hyundai,Elantra,SE 2.0L Sedan Automatic (alt),2017,157718,Automatic,2.0L Inline-4 Gas,Gas,Sedan,8103.0,https://www.truecar.com/used-cars-for-sale/listing/5NPD84LFXHH019140
Ford,F-150,XLT SuperCrew 5.5' Box 2WD,2019,178312,Automatic,3.3L V-6 Gas,Gas,Pickup Truck,19715.0,https://www.truecar.com/used-cars-for-sale/listing/1FTEW1CB5KKC41003
Hyundai,Elantra,SEL 2.0L IVT,2020,67685,Automatic,2.0L Inline-4 Gas,Gas,Sedan,14895.0,https://www.truecar.com/used-cars-for-sale/listing/5NPD84LF7LH537893
Kia,Optima,LX Automatic,2020,67085,Automatic,2.4L Inline-4 Gas,Gas,Sedan,15931.0,https://www.truecar.com/used-cars-for-sale/listing/5XXGT4L36LG442321
Chevrolet,Malibu,LT,2021,62178,Automatic,1.5L Inline-4 Gas Turbocharged,Gas,Sedan,18951.0,https://www.truecar.com/used-cars-for-sale/listing/1G1ZD5ST0MF055933
Ford,F-150,XL Regular Cab 6.5' Box 4WD,2016,44406,Automatic,3.5L V-6 Gas,Gas,Pickup Truck,19980.0,https://www.truecar.com/used-cars-for-sale/listing/1FTMF1E81GKD46531
Nissan,Altima,2.5 S FWD,2020,72638,Automatic,2.5L Inline-4 Gas,Gas,Sedan,18951.0,https://www.truecar.com/used-cars-for-sale/listing/1N4BL4BV5LC227158
Ford,F-150,XLT SuperCrew 5.5' Box 4WD,2019,76735,Automatic,2.7L V-6 Gas Turbocharged,Gas,Pickup Truck,27900.0,https://www.truecar.com/used-cars-for-sale/listing/1FTEW1EP1KFC34101
Ford,F-150,King Ranch SuperCrew 5.5' Box 4WD,2016,178892,Automatic,5.0L V-8 Gas,Gas,Pickup Truck,18922.0,https://www.truecar.com/used-cars-for-sale/listing/1FTEW1EF2GKD70100
Ford,Fusion,SE FWD,2020,35963,Automatic,1.5L Inline-4 Gas Turbocharged,Gas,Sedan,17595.0,https://www.truecar.com/used-cars-for-sale/listing/3FA6P0HD8LR166239
Chevrolet,Malibu,LT,2021,66631,Automatic,1.5L Inline-4 Gas Turbocharged,Gas,Sedan,16990.0,https://www.truecar.com/used-cars-for-sale/listing/1G1ZD5ST1MF026988
Toyota,Corolla,LE CVT,2019,76977,Automatic,1.8L Inline-4 Gas,Gas,Sedan,14929.0,https://www.truecar.com/used-cars-for-sale/listing/5YFBURHE7KP881659
Nissan,Sentra,SV CVT,2019,36602,Automatic,1.8L Inline-4 Gas,Gas,Sedan,15485.0,https://www.truecar.com/used-cars-for-sale/listing/3N1AB7AP6KY364809
Ford,Escape,SE FWD,2017,75904,Automatic,1.5L Inline-4 Gas Turbocharged,Gas,SUV,11995.0,https://www.truecar.com/used-cars-for-sale/listing/1FMCU0GD7HUD22158
Nissan,Sentra,SV CVT,2019,53566,Automatic,1.8L Inline-4 Gas,Gas,Sedan,13998.0,https://www.truecar.com/used-cars-for-sale/listing/3N1AB7AP5KY411067
Kia,Optima,LX Automatic,2020,62409,Automatic,2.4L Inline-4 Gas,Gas,Sedan,18951.0,https://www.truecar.com/used-cars-for-sale/listing/5XXGT4L38LG429604
Hyundai,Elantra,SEL 2.0L IVT,2020,66081,Automatic,2.0L Inline-4 Gas,Gas,Sedan,17732.0,https://www.truecar.com/used-cars-for-sale/listing/5NPD84LFXLH549990
Honda,Civic,LX Sedan Automatic,2013,97517,Automatic,1.8L Inline-4 Gas,Gas,Sedan,9994.0,https://www.truecar.com/used-cars-for-sale/listing/19XFB2F51DE048011
Ford,F-150,XLT SuperCrew 5.5' Box 4WD,2016,114232,Automatic,3.5L V-6 Gas,Gas,Pickup Truck,19900.0,https://www.truecar.com/used-cars-for-sale/listing/1FTEW1E8XGFB86632
Ford,Super Duty F-250,XL 4WD Crew Cab 6.75' Box,2019,91859,Automatic,6.2L V-8 Gas,Gas,Pickup Truck,35000.0,https://www.truecar.com/used-cars-for-sale/listing/1FT7W2B63KEC45410
Ford,Fusion,SE AWD,2020,85874,Automatic,2.0L Inline-4 Gas Turbocharged,Gas,Sedan,15645.0,https://www.truecar.com/used-cars-for-sale/listing/3FA6P0T99LR190424
Toyota,Corolla,LE CVT,2021,23904,Automatic,1.8L Inline-4 Gas,Gas,Sedan,18000.0,https://www.truecar.com/used-cars-for-sale/listing/5YFEPMAE6MP186478
Jeep,Wrangler,Unlimited Moab,2019,76290,Automatic,3.6L V-6 Gas,Gas,SUV,31477.0,https://www.truecar.com/used-cars-for-sale/listing/1C4HJXEG1KW589221
Ford,F-150,XL SuperCrew 5.5' Box 4WD,2018,114332,Automatic,3.5L V-6 Gas Turbocharged,Gas,Pickup Truck,21900.0,https://www.truecar.com/used-cars-for-sale/listing/1FTEW1EG8JFD87265
Toyota,RAV4,XLE FWD,2019,100479,Automatic,2.5L Inline-4 Gas,Gas,SUV,17999.0,https://www.truecar.com/used-cars-for-sale/listing/2T3W1RFV1KC024533
Honda,Accord,Sport 1.5T CVT,2019,27967,Automatic,1.5L Inline-4 Gas Turbocharged,Gas,Sedan,24000.0,https://www.truecar.com/used-cars-for-sale/listing/1HGCV1F39KA145137
Cadillac,XT5,Luxury FWD,2019,83311,Automatic,3.6L V-6 Gas,Gas,SUV,21495.0,https://www.truecar.com/used-cars-for-sale/listing/1GYKNCRS2KZ104160
Ford,F-150,XLT SuperCrew 5.5' Box 2WD,2020,70757,Automatic,5.0L V-8 Gas,Gas,Pickup Truck,29972.0,https://www.truecar.com/used-cars-for-sale/listing/1FTEW1C54LFA22487
Ford,F-150,XLT SuperCrew 5.5' Box 2WD,2020,59291,Automatic,3.5L V-6 Gas Turbocharged,Gas,Pickup Truck,29337.0,https://www.truecar.com/used-cars-for-sale/listing/1FTEW1C49LKD78402
Hyundai,Elantra,GLS Sedan Automatic,2013,111968,Automatic,1.8L Inline-4 Gas,Gas,Sedan,6999.0,https://www.truecar.com/used-cars-for-sale/listing/5NPDH4AE8DH345958
Toyota,Corolla,LE CVT,2020,55916,Automatic,1.8L Inline-4 Gas,Gas,Sedan,17998.0,https://www.truecar.com/used-cars-for-sale/listing/5YFEPRAE5LP106051
Chevrolet,Equinox,LT with 2FL FWD,2020,28320,Automatic,1.5L Inline-4 Gas Turbocharged,Gas,SUV,20888.0,https://www.truecar.com/used-cars-for-sale/listing/3GNAXJEV3LL284037
Ford,Fusion,SE FWD,2014,60000,Automatic,2.5L Inline-4 Gas,Gas,Sedan,9900.0,https://www.truecar.com/used-cars-for-sale/listing/3FA6P0H78ER243530
Toyota,Mirai,Sedan,2017,102901,Automatic,L - Hydrogen,Hydrogen,Sedan,9955.0,https://www.truecar.com/used-cars-for-sale/listing/JTDBVRBDXHA001113
Chrysler,200,Limited FWD,2015,128957,Automatic,2.4L Inline-4 Gas,Gas,Sedan,7690.0,https://www.truecar.com/used-cars-for-sale/listing/1C3CCCAB2FN602548
Ford,F-150,XLT SuperCrew 5.5' Box 4WD,2020,31067,Automatic,2.7L V-6 Gas Turbocharged,Gas,Pickup Truck,35971.0,https://www.truecar.com/used-cars-for-sale/listing/1FTEW1EP7LFA30162
Ford,F-150,XLT SuperCab 6.5' Box 4WD,2019,121404,Automatic,3.3L V-6 Gas,Gas,Pickup Truck,20990.0,https://www.truecar.com/used-cars-for-sale/listing/1FTEX1EB4KKD53415
Nissan,Sentra,SV CVT,2019,70121,Automatic,1.8L Inline-4 Gas,Gas,Sedan,11000.0,https://www.truecar.com/used-cars-for-sale/listing/3N1AB7AP5KY359584
Ford,Explorer,XLT 4WD,2020,42292,Automatic,2.3L Inline-4 Gas Turbocharged,Gas,SUV,27550.0,https://www.truecar.com/used-cars-for-sale/listing/1FMSK8DH1LGA87609
Nissan,Sentra,SV CVT,2019,54836,Automatic,1.8L Inline-4 Gas,Gas,Sedan,14991.0,https://www.truecar.com/used-cars-for-sale/listing/3N1AB7AP5KY403275
Nissan,Sentra,SV CVT,2019,72178,Automatic,1.8L Inline-4 Gas,Gas,Sedan,13950.0,https://www.truecar.com/used-cars-for-sale/listing/3N1AB7AP6KY322737
Honda,Civic,EX Sedan Automatic,2012,175758,Automatic,1.8L Inline-4 Gas,Gas,Sedan,6833.0,https://www.truecar.com/used-cars-for-sale/listing/19XFB2F80CE092963
Chevrolet,Equinox,LT with 1LT FWD,2018,2042,Automatic,1.5L Inline-4 Gas Turbocharged,Gas,SUV,17777.0,https://www.truecar.com/used-cars-for-sale/listing/2GNAXJEV3J6333495
GMC,Terrain,SLE FWD,2020,83471,Automatic,1.5L Inline-4 Gas Turbocharged,Gas,SUV,16900.0,https://www.truecar.com/used-cars-for-sale/listing/3GKALMEV3LL116540
Jeep,Wrangler,Unlimited Sport,2017,98031,Automatic,3.6L V-6 Gas,Gas,SUV,22500.0,https://www.truecar.com/used-cars-for-sale/listing/1C4BJWDG0HL529233
Chevrolet,Cruze,LT with 1LT Automatic,2014,148940,Automatic,1.4L Inline-4 Gas Turbocharged,Gas,Sedan,4899.0,https://www.truecar.com/used-cars-for-sale/listing/1G1PC5SB8E7112246
Ford,F-150,XLT SuperCrew 5.5' Box 4WD,2019,54328,Automatic,3.5L V-6 Gas Turbocharged,Gas,Pickup Truck,31590.0,https://www.truecar.com/used-cars-for-sale/listing/1FTEW1E46KKD39438
Kia,Optima,LX Automatic,2020,29930,Automatic,2.4L Inline-4 Gas,Gas,Sedan,18988.0,https://www.truecar.com/used-cars-for-sale/listing/5XXGT4L37LG401504
Toyota,Camry,LE I4 Automatic,2018,88540,Automatic,2.5L Inline-4 Gas,Gas,Sedan,15998.0,https://www.truecar.com/used-cars-for-sale/listing/4T1B11HK3JU610658
Nissan,Altima,2.5 S,2015,98284,Automatic,2.5L Inline-4 Gas,Gas,Sedan,8990.0,https://www.truecar.com/used-cars-for-sale/listing/1N4AL3AP8FN325389
Ford,F-150,XLT SuperCrew 5.5' Box 4WD,2020,67930,Automatic,3.5L V-6 Gas Turbocharged,Gas,Pickup Truck,30500.0,https://www.truecar.com/used-cars-for-sale/listing/1FTEW1E42LFA63611
Hyundai,Elantra,SEL 2.0L IVT,2020,69714,Automatic,2.0L Inline-4 Gas,Gas,Sedan,16799.0,https://www.truecar.com/used-cars-for-sale/listing/5NPD84LF6LH556743
Ram,1500 Classic,"Tradesman Quad Cab 6'4"" Box 4WD",2019,130684,Automatic,3.6L V-6 Gas,Gas,Pickup Truck,16999.0,https://www.truecar.com/used-cars-for-sale/listing/1C6RR7FG9KS626297
Ford,F-150,XLT SuperCrew 5.5' Box 4WD,2018,116093,Automatic,3.5L V-6 Gas Turbocharged,Gas,Pickup Truck,23700.0,https://www.truecar.com/used-cars-for-sale/listing/1FTEW1EG3JKE17697
Hyundai,Elantra,SEL 2.0L IVT,2020,60528,Automatic,2.0L Inline-4 Gas,Gas,Sedan,14998.0,https://www.truecar.com/used-cars-for-sale/listing/5NPD84LF1LH559078
Jeep,Cherokee,Limited FWD,2019,26513,Automatic,2.4L Inline-4 Gas,Gas,SUV,17498.0,https://www.truecar.com/used-cars-for-sale/listing/1C4PJLDB6KD455679
Toyota,Corolla,LE CVT,2020,48985,Automatic,1.8L Inline-4 Gas,Gas,Sedan,18797.0,https://www.truecar.com/used-cars-for-sale/listing/5YFEPRAE7LP115916
Chevrolet,Equinox,LT with 2FL AWD,2020,169498,Automatic,1.5L Inline-4 Gas Turbocharged,Gas,SUV,13995.0,https://www.truecar.com/used-cars-for-sale/listing/2GNAXTEV3L6193172
Chevrolet,Malibu,LT,2020,63525,Automatic,1.5L Inline-4 Gas Turbocharged,Gas,Sedan,16980.0,https://www.truecar.com/used-cars-for-sale/listing/1G1ZD5ST9LF036974
Chrysler,200,Limited FWD,2015,99743,Automatic,2.4L Inline-4 Gas,Gas,Sedan,9776.0,https://www.truecar.com/used-cars-for-sale/listing/1C3CCCAB3FN651922
Ford,Explorer,XLT FWD,2018,43157,Automatic,3.5L V-6 Gas,Gas,SUV,20500.0,https://www.truecar.com/used-cars-for-sale/listing/1FM5K7D81JGA81099
Ford,F-150,XLT SuperCrew 5.5' Box 4WD,2017,132159,Automatic,3.5L V-6 Gas Turbocharged,Gas,Pickup Truck,20724.0,https://www.truecar.com/used-cars-for-sale/listing/1FTEW1EG7HFA36423
Nissan,Sentra,SV CVT,2019,55367,Automatic,1.8L Inline-4 Gas,Gas,Sedan,12997.0,https://www.truecar.com/used-cars-for-sale/listing/3N1AB7AP4KL608941
Volkswagen,Jetta,1.8T SE Sedan Auto (PZEV),2014,58135,Automatic,1.8L Inline-4 Gas Turbocharged,Gas,Sedan,9000.0,https://www.truecar.com/used-cars-for-sale/listing/3VWD17AJ1EM327927
Chevrolet,Equinox,LT with 2FL FWD,2019,34602,Automatic,1.5L Inline-4 Gas Turbocharged,Gas,SUV,18888.0,https://www.truecar.com/used-cars-for-sale/listing/3GNAXJEV8KS616316
Nissan,Altima,2.5 S FWD,2020,59434,Automatic,2.5L Inline-4 Gas,Gas,Sedan,17097.0,https://www.truecar.com/used-cars-for-sale/listing/1N4BL4BV8LC237473
Hyundai,Elantra,SEL 2.0L IVT,2020,58722,Automatic,2.0L Inline-4 Gas,Gas,Sedan,16545.0,https://www.truecar.com/used-cars-for-sale/listing/5NPD84LF2LH575497
Nissan,Sentra,S CVT,2019,104565,Automatic,1.8L Inline-4 Gas,Gas,Sedan,9799.0,https://www.truecar.com/used-cars-for-sale/listing/3N1AB7AP3KY243395
Ford,Bronco Sport,Big Bend,2021,30277,Automatic,1.5L Inline-3 Gas Turbocharged,Gas,SUV,19999.0,https://www.truecar.com/used-cars-for-sale/listing/3FMCR9B61MRA83951
Ford,F-150,XLT SuperCrew 5.5' Box 4WD,2018,109595,Automatic,5.0L V-8 Gas,Gas,Pickup Truck,22638.0,https://www.truecar.com/used-cars-for-sale/listing/1FTEW1E52JKC57004
Nissan,Sentra,SV CVT,2019,59095,Automatic,1.8L Inline-4 Gas,Gas,Sedan,14512.0,https://www.truecar.com/used-cars-for-sale/listing/3N1AB7AP9KY448462
Chevrolet,Equinox,LT with 2FL FWD,2020,25643,Automatic,1.5L Inline-4 Gas Turbocharged,Gas,SUV,20688.0,https://www.truecar.com/used-cars-for-sale/listing/3GNAXJEV4LS653011
Nissan,Altima,2.5 S FWD,2020,60583,Automatic,2.5L Inline-4 Gas,Gas,Sedan,19591.0,https://www.truecar.com/used-cars-for-sale/listing/1N4BL4BV7LC208160
BMW,3 Series,330i RWD,2020,60616,Automatic,2.0L Inline-4 Gas Turbocharged,Gas,Sedan,23927.0,https://www.truecar.com/used-cars-for-sale/listing/3MW5R1J00L8B07153
Chevrolet,Malibu,LT with 1LT,2016,89199,Automatic,1.5L Inline-4 Gas Turbocharged,Gas,Sedan,11862.0,https://www.truecar.com/used-cars-for-sale/listing/1G1ZE5ST8GF241110
Ford,F-150,XLT SuperCrew 5.5' Box 4WD,2019,48003,Automatic,5.0L V-8 Gas,Gas,Pickup Truck,34028.0,https://www.truecar.com/used-cars-for-sale/listing/1FTEW1E55KFB05230
Chevrolet,Malibu,LT,2020,39349,Automatic,1.5L Inline-4 Gas Turbocharged,Gas,Sedan,17991.0,https://www.truecar.com/used-cars-for-sale/listing/1G1ZD5STXLF003093
Honda,CR-V,EX AWD,2018,155549,Automatic,1.5L Inline-4 Gas Turbocharged,Gas,SUV,14999.0,https://www.truecar.com/used-cars-for-sale/listing/2HKRW2H50JH608848
Toyota,Corolla,LE CVT,2020,68596,Automatic,1.8L Inline-4 Gas,Gas,Sedan,16757.0,https://www.truecar.com/used-cars-for-sale/listing/JTDEPRAE1LJ101448
Ford,F-150,XL SuperCrew 6.5' Box RWD,2016,68002,Automatic,5.0L V-8 Gas Turbocharged,Gas,Pickup Truck,22785.0,https://www.truecar.com/used-cars-for-sale/listing/1FTEW1CF6GFA15426
Chevrolet,Malibu,LT,2020,67081,Automatic,1.5L Inline-4 Gas Turbocharged,Gas,Sedan,18524.0,https://www.truecar.com/used-cars-for-sale/listing/1G1ZD5ST3LF037179
Ford,F-150,XLT SuperCrew 6.5' Box 4WD,2020,161483,Automatic,3.5L V-6 Gas Turbocharged,Gas,Pickup Truck,22000.0,https://www.truecar.com/used-cars-for-sale/listing/1FTFW1E45LFA29361
Ford,F-150,XLT SuperCrew 6.5' Box 4WD,2018,174992,Automatic,3.5L V-6 Gas Turbocharged,Gas,Pickup Truck,16997.0,https://www.truecar.com/used-cars-for-sale/listing/1FTFW1EG0JFA33096
Chevrolet,Malibu,LT,2020,48774,Automatic,1.5L Inline-4 Gas Turbocharged,Gas,Sedan,19715.0,https://www.truecar.com/used-cars-for-sale/listing/1G1ZD5ST1LF089202
Ford,F-150,XLT SuperCrew 5.5' Box 4WD,2020,62923,Automatic,2.7L V-6 Gas Turbocharged,Gas,Pickup Truck,30848.0,https://www.truecar.com/used-cars-for-sale/listing/1FTEW1EP8LKD99278
Kia,Optima,LX Automatic,2020,29433,Automatic,2.4L Inline-4 Gas,Gas,Sedan,18900.0,https://www.truecar.com/used-cars-for-sale/listing/5XXGT4L38LG436357
Nissan,Sentra,SV CVT,2019,60919,Automatic,1.8L Inline-4 Gas,Gas,Sedan,15000.0,https://www.truecar.com/used-cars-for-sale/listing/3N1AB7AP2KY431390
Chevrolet,Equinox,LT with 1LT FWD,2018,174695,Automatic,1.5L Inline-4 Gas Turbocharged,Gas,SUV,8995.0,https://www.truecar.com/used-cars-for-sale/listing/2GNAXJEV7J6329062
Toyota,Corolla,LE CVT,2021,28489,Automatic,1.8L Inline-4 Gas,Gas,Sedan,19987.0,https://www.truecar.com/used-cars-for-sale/listing/5YFEPMAE2MP167555
Mercedes-Benz,C-Class,C 300 Sedan RWD,2017,112548,Automatic,2.0L Inline-4 Gas Turbocharged,Gas,Sedan,15995.0,https://www.truecar.com/used-cars-for-sale/listing/55SWF4JB6HU231402
Nissan,Rogue,SV AWD,2020,21660,Automatic,2.5L Inline-4 Gas,Gas,SUV,20998.0,https://www.truecar.com/used-cars-for-sale/listing/JN8AT2MV1LW115239
Chevrolet,Malibu,LT,2020,62173,Automatic,1.5L Inline-4 Gas Turbocharged,Gas,Sedan,15778.0,https://www.truecar.com/used-cars-for-sale/listing/1G1ZD5STXLF047935
Nissan,Armada,SL RWD,2018,94197,Automatic,5.6L V-8 Gas,Gas,SUV,17864.0,https://www.truecar.com/used-cars-for-sale/listing/JN8AY2ND4J9051992
Hyundai,Sonata,SE 2.4L,2019,60981,Automatic,2.4L Inline-4 Gas,Gas,Sedan,14699.0,https://www.truecar.com/used-cars-for-sale/listing/5NPE24AF2KH783015
Nissan,Altima,2.5 SR,2016,116308,Automatic,2.5L Inline-4 Gas,Gas,Sedan,9891.0,https://www.truecar.com/used-cars-for-sale/listing/1N4AL3AP6GC266730
Hyundai,Accent,SE Sedan Automatic,2016,103254,Automatic,1.6L Inline-4 Gas,Gas,Sedan,6995.0,https://www.truecar.com/used-cars-for-sale/listing/KMHCT4AE0GU062891
Ford,F-150,XLT SuperCrew 5.5' Box 4WD,2021,28046,Automatic,2.7L V-6 Gas Turbocharged,Gas,Pickup Truck,38792.0,https://www.truecar.com/used-cars-for-sale/listing/1FTEW1EP4MKD36504
Tesla,Model Y,Long Range AWD,2021,27838,Automatic,L - Electric,Electric,SUV,45998.0,https://www.truecar.com/used-cars-for-sale/listing/5YJYGDEE0MF181148
Ford,F-150,XLT SuperCrew 5.5' Box 4WD,2021,22806,Automatic,5.0L V-8 Gas,Gas,Pickup Truck,43997.0,https://www.truecar.com/used-cars-for-sale/listing/1FTFW1E55MFB80775
Jeep,Wrangler,Unlimited Sport,2017,64287,Automatic,3.6L V-6 Gas,Gas,SUV,25989.0,https://www.truecar.com/used-cars-for-sale/listing/1C4BJWDG3HL622196
Hyundai,Elantra,SEL 2.0L IVT,2020,70125,Automatic,2.0L Inline-4 Gas,Gas,Sedan,16243.0,https://www.truecar.com/used-cars-for-sale/listing/5NPD84LF1LH573756
Ford,Fusion,SE FWD,2015,104107,Automatic,2.5L Inline-4 Gas,Gas,Sedan,9988.0,https://www.truecar.com/used-cars-for-sale/listing/3FA6P0H7XFR296005
Chevrolet,Malibu,LT,2020,71560,Automatic,1.5L Inline-4 Gas Turbocharged,Gas,Sedan,18990.0,https://www.truecar.com/used-cars-for-sale/listing/1G1ZD5ST5LF107894
Ford,Edge,Titanium FWD,2019,66655,Automatic,2.0L Inline-4 Gas Turbocharged,Gas,SUV,19406.0,https://www.truecar.com/used-cars-for-sale/listing/2FMPK3K95KBB62578
Ford,Fusion,SE FWD,2013,144129,Automatic,2.5L Inline-4 Gas,Gas,Sedan,7299.0,https://www.truecar.com/used-cars-for-sale/listing/3FA6P0H77DR283192
Hyundai,Elantra,SEL 2.0L IVT,2020,55508,Automatic,2.0L Inline-4 Gas,Gas,Sedan,16995.0,https://www.truecar.com/used-cars-for-sale/listing/5NPD84LF1LH584126
Kia,Optima,LX,2016,97836,Automatic,2.4L Inline-4 Gas,Gas,Sedan,9999.0,https://www.truecar.com/used-cars-for-sale/listing/5XXGT4L37GG016417
Toyota,Camry,SE FWD Automatic,2020,63748,Automatic,2.5L Inline-4 Gas,Gas,Sedan,19598.0,https://www.truecar.com/used-cars-for-sale/listing/4T1G11AK2LU916589
Toyota,Corolla,LE CVT,2020,8858,Automatic,1.8L Inline-4 Gas,Gas,Sedan,18336.0,https://www.truecar.com/used-cars-for-sale/listing/JTDEPRAE2LJ084403
Nissan,Versa,SV Sedan CVT,2019,61869,Automatic,1.6L Inline-4 Gas,Gas,Sedan,10994.0,https://www.truecar.com/used-cars-for-sale/listing/3N1CN7AP6KL880956
Honda,CR-V,LX FWD,2019,84256,Automatic,2.4L Inline-4 Gas,Gas,SUV,16851.0,https://www.truecar.com/used-cars-for-sale/listing/2HKRW5H36KH400636
Ford,F-150,XL SuperCrew 5.5' Box 4WD,2018,156876,Automatic,3.5L V-6 Gas Turbocharged,Gas,Pickup Truck,17900.0,https://www.truecar.com/used-cars-for-sale/listing/1FTEW1EG2JKC80865
Dodge,Grand Caravan,SXT,2019,46824,Automatic,3.6L V-6 Gas,Gas,Minivan,20995.0,https://www.truecar.com/used-cars-for-sale/listing/2C4RDGCG0KR763903
Ford,F-150,Lariat SuperCrew 5.5' Box 4WD,2015,215894,Automatic,2.7L V-6 Gas Turbocharged,Gas,Pickup Truck,18990.0,https://www.truecar.com/used-cars-for-sale/listing/1FTEW1EP5FKE59313
Ford,Super Duty F-250,"Platinum Crew Cab 156"" 4WD",2016,186423,Automatic,6.7L V-8 Diesel Turbocharged,Diesel,Pickup Truck,26995.0,https://www.truecar.com/used-cars-for-sale/listing/1FT7W2BT8GEA81195
Toyota,Corolla,LE CVT,2016,113593,Automatic,1.8L Inline-4 Gas,Gas,Sedan,9995.0,https://www.truecar.com/used-cars-for-sale/listing/2T1BURHE9GC666470
Honda,Accord,Sport SE 1.5T CVT,2021,52630,Automatic,1.5L Inline-4 Gas Turbocharged,Gas,Sedan,20549.0,https://www.truecar.com/used-cars-for-sale/listing/1HGCV1F41MA007538
Ford,Focus,SE Sedan,2014,111082,Automatic,2.0L Inline-4 Gas,Gas,Sedan,5999.0,https://www.truecar.com/used-cars-for-sale/listing/1FADP3F28EL317995
Toyota,Corolla,LE CVT,2020,6651,Automatic,1.8L Inline-4 Gas,Gas,Sedan,20850.0,https://www.truecar.com/used-cars-for-sale/listing/JTDEPRAE1LJ054583
Tesla,Model Y,Long Range AWD,2021,22963,Automatic,L - Electric,Electric,SUV,47498.0,https://www.truecar.com/used-cars-for-sale/listing/5YJYGDEE3MF070142
Hyundai,Elantra,SEL 2.0L IVT,2020,7505,Automatic,2.0L Inline-4 Gas,Gas,Sedan,17256.0,https://www.truecar.com/used-cars-for-sale/listing/KMHD84LF3LU025551
Toyota,Corolla,LE CVT,2021,40627,Automatic,1.8L Inline-4 Gas,Gas,Sedan,19900.0,https://www.truecar.com/used-cars-for-sale/listing/5YFEPMAEXMP244818
Nissan,Altima,2.5 S FWD,2020,70842,Automatic,2.5L Inline-4 Gas,Gas,Sedan,16400.0,https://www.truecar.com/used-cars-for-sale/listing/1N4BL4BV7LC241241
Toyota,Corolla,LE CVT,2020,29268,Automatic,1.8L Inline-4 Gas,Gas,Sedan,19250.0,https://www.truecar.com/used-cars-for-sale/listing/5YFEPRAE1LP111831
Jeep,Wrangler,Sport,2016,101401,Automatic,3.6L V-6 Gas,Gas,SUV,16932.0,https://www.truecar.com/used-cars-for-sale/listing/1C4AJWAG0GL187135
Toyota,Corolla,LE CVT,2020,24502,Automatic,1.8L Inline-4 Gas,Gas,Sedan,19350.0,https://www.truecar.com/used-cars-for-sale/listing/5YFEPRAE3LP132759
Ford,F-150,Lariat SuperCrew 5.5' Box 4WD,2020,69518,Automatic,3.5L V-6 Gas Turbocharged,Gas,Pickup Truck,37997.0,https://www.truecar.com/used-cars-for-sale/listing/1FTEW1E49LKF05355
Ford,F-150,XLT SuperCrew 5.5' Box 4WD,2019,34572,Automatic,3.5L V-6 Gas Turbocharged,Gas,Pickup Truck,33200.0,https://www.truecar.com/used-cars-for-sale/listing/1FTEW1E4XKFA85239
Nissan,Altima,2.5 S FWD,2020,53978,Automatic,2.5L Inline-4 Gas,Gas,Sedan,17998.0,https://www.truecar.com/used-cars-for-sale/listing/1N4BL4BV8LC136546
Chevrolet,Equinox,LT FWD,2016,140908,Automatic,2.4L Inline-4 Gas,Gas,SUV,6495.0,https://www.truecar.com/used-cars-for-sale/listing/2GNALCEK5G1175146
Chevrolet,Malibu,LT,2020,51096,Automatic,1.5L Inline-4 Gas Turbocharged,Gas,Sedan,19099.0,https://www.truecar.com/used-cars-for-sale/listing/1G1ZD5ST4LF082275
Hyundai,Elantra,SEL 2.0L IVT,2020,58203,Automatic,2.0L Inline-4 Gas,Gas,Sedan,16996.0,https://www.truecar.com/used-cars-for-sale/listing/5NPD84LF3LH582717
Hyundai,Elantra,SEL 2.0L IVT,2020,64646,Automatic,2.0L Inline-4 Gas,Gas,Sedan,15988.0,https://www.truecar.com/used-cars-for-sale/listing/5NPD84LF5LH565806
Toyota,Corolla,LE CVT,2021,64202,Automatic,1.8L Inline-4 Gas,Gas,Sedan,14500.0,https://www.truecar.com/used-cars-for-sale/listing/5YFEPMAE6MP181233
Ford,Focus Electric,Electric Hatchback,2012,59879,Automatic,L - Electric,Electric,Hatchback,8750.0,https://www.truecar.com/used-cars-for-sale/listing/1FAHP3R44CL363884
Nissan,Rogue,SV FWD,2021,13346,Automatic,2.5L Inline-4 Gas,Gas,SUV,25491.0,https://www.truecar.com/used-cars-for-sale/listing/5N1AT3BA9MC817096
Nissan,Rogue,SV FWD,2020,39475,Automatic,2.5L Inline-4 Gas,Gas,SUV,19700.0,https://www.truecar.com/used-cars-for-sale/listing/JN8AT2MT1LW015785
Nissan,Altima,2.5 S FWD,2020,56261,Automatic,2.5L Inline-4 Gas,Gas,Sedan,17995.0,https://www.truecar.com/used-cars-for-sale/listing/1N4BL4BV4LC121977
Ford,F-150,XL SuperCab 6.5' Box 4WD,2019,109693,Automatic,5.0L V-8 Gas,Gas,Pickup Truck,21999.0,https://www.truecar.com/used-cars-for-sale/listing/1FTFX1E55KKC16854
Chevrolet,Malibu,LT,2020,62240,Automatic,1.5L Inline-4 Gas Turbocharged,Gas,Sedan,18393.0,https://www.truecar.com/used-cars-for-sale/listing/1G1ZD5ST0LF102585
Toyota,RAV4,LE AWD,2019,95849,Automatic,2.5L Inline-4 Gas,Gas,SUV,20314.0,https://www.truecar.com/used-cars-for-sale/listing/2T3F1RFV2KC021771
Hyundai,Elantra,SEL 2.0L IVT,2020,70220,Automatic,2.0L Inline-4 Gas,Gas,Sedan,16900.0,https://www.truecar.com/used-cars-for-sale/listing/5NPD84LF5LH546799
Ford,F-150,XL Regular Cab 6.5' Box 4WD,2019,111941,Automatic,2.7L V-6 Gas Turbocharged,Gas,Pickup Truck,19990.0,https://www.truecar.com/used-cars-for-sale/listing/1FTMF1EP1KKE54082
Chevrolet,Malibu,LT,2020,37700,Automatic,1.5L Inline-4 Gas Turbocharged,Gas,Sedan,18800.0,https://www.truecar.com/used-cars-for-sale/listing/1G1ZD5ST9LF072731
Hyundai,Elantra,SE 2.0L Sedan Automatic (Ulsan) (alt),2017,95853,Automatic,2.0L Inline-4 Gas,Gas,Sedan,10999.0,https://www.truecar.com/used-cars-for-sale/listing/KMHD84LF5HU103481
Ford,F-150,XLT SuperCrew 5.5' Box 4WD,2018,112757,Automatic,3.3L V-6 Gas,Gas,Pickup Truck,22995.0,https://www.truecar.com/used-cars-for-sale/listing/1FTEW1EB1JFA39859
Kia,Optima,LX Automatic,2020,71957,Automatic,2.4L Inline-4 Gas,Gas,Sedan,16900.0,https://www.truecar.com/used-cars-for-sale/listing/5XXGT4L36LG412509
Toyota,Corolla,LE CVT,2021,39975,Automatic,1.8L Inline-4 Gas,Gas,Sedan,17427.0,https://www.truecar.com/used-cars-for-sale/listing/5YFEPMAEXMP231387
Chevrolet,Silverado 1500,LT Crew Cab Short Box 4WD,2016,127738,Automatic,5.3L V-8 Gas,Gas,Pickup Truck,23985.0,https://www.truecar.com/used-cars-for-sale/listing/1GCUKREC7GF236249
Nissan,Altima,2.5 S FWD,2020,66642,Automatic,2.5L Inline-4 Gas,Gas,Sedan,18250.0,https://www.truecar.com/used-cars-for-sale/listing/1N4BL4BV6LC215262
Ford,Mustang,EcoBoost Premium Fastback,2020,52108,Automatic,2.3L Inline-4 Gas Turbocharged,Gas,Coupe,22990.0,https://www.truecar.com/used-cars-for-sale/listing/1FA6P8THXL5120066
Ram,1500,"SLT Quad Cab 6'4"" Box 2WD",2016,175158,Automatic,3.6L V-6 Gas,Gas,Pickup Truck,11336.0,https://www.truecar.com/used-cars-for-sale/listing/1C6RR6GG4GS299419
Ford,Fusion,SE FWD,2016,116000,Automatic,2.5L Inline-4 Gas,Gas,Sedan,9998.0,https://www.truecar.com/used-cars-for-sale/listing/3FA6P0H72GR331007
Jeep,Cherokee,Limited 4WD,2020,41371,Automatic,3.2L V-6 Gas,Gas,SUV,19500.0,https://www.truecar.com/used-cars-for-sale/listing/1C4PJMDX5LD616607
Nissan,Versa,SV Sedan CVT,2019,71386,Automatic,1.6L Inline-4 Gas,Gas,Sedan,9495.0,https://www.truecar.com/used-cars-for-sale/listing/3N1CN7AP1KL849260
Dodge,Grand Caravan,SXT,2019,71918,Automatic,3.6L V-6 Gas,Gas,Minivan,16799.0,https://www.truecar.com/used-cars-for-sale/listing/2C4RDGCG9KR747487
Ford,Explorer,XLT 4WD,2020,70880,Automatic,2.3L Inline-4 Gas Turbocharged,Gas,SUV,23609.0,https://www.truecar.com/used-cars-for-sale/listing/1FMSK8DH0LGB54426
Hyundai,Elantra,GLS Sedan Automatic,2013,109306,Automatic,1.8L Inline-4 Gas,Gas,Sedan,8995.0,https://www.truecar.com/used-cars-for-sale/listing/5NPDH4AE0DH429451
Nissan,Rogue,SL FWD,2020,20104,Automatic,2.5L Inline-4 Gas,Gas,SUV,21999.0,https://www.truecar.com/used-cars-for-sale/listing/5N1AT2MT1LC700023
Chevrolet,Malibu,LT,2021,66415,Automatic,1.5L Inline-4 Gas Turbocharged,Gas,Sedan,17654.0,https://www.truecar.com/used-cars-for-sale/listing/1G1ZD5ST7MF027109
Kia,Forte,LXS IVT,2021,24857,Automatic,2.0L Inline-4 Gas,Gas,Sedan,17399.0,https://www.truecar.com/used-cars-for-sale/listing/3KPF24AD9ME403680
Ford,Focus,SE Sedan,2014,122044,Automatic,2.0L Inline-4 Gas,Gas,Sedan,6499.0,https://www.truecar.com/used-cars-for-sale/listing/1FADP3F24EL363386
Ram,1500,"Big Horn Crew Cab 5'7"" Box 4WD",2020,21608,Automatic,5.7L V-8 Gas,Gas,Pickup Truck,32695.0,https://www.truecar.com/used-cars-for-sale/listing/1C6SRFFT4LN345100
Ford,F-150,XLT SuperCrew 5.5' Box 4WD,2019,58045,Automatic,2.7L V-6 Gas Turbocharged,Gas,Pickup Truck,31590.0,https://www.truecar.com/used-cars-for-sale/listing/1FTEW1EP7KFA83538
Ford,Escape,SE FWD,2019,25210,Automatic,2.0L Inline-4 Gas Turbocharged,Gas,SUV,18997.0,https://www.truecar.com/used-cars-for-sale/listing/1FMCU0G9XKUB33667
Ford,F-150,Lariat SuperCrew 5.5' Box 4WD,2018,128235,Automatic,3.5L V-6 Gas Turbocharged,Gas,Pickup Truck,26321.0,https://www.truecar.com/used-cars-for-sale/listing/1FTFW1EG2JKD60882
Hyundai,Elantra,SEL 2.0L IVT,2020,64824,Automatic,2.0L Inline-4 Gas,Gas,Sedan,15985.0,https://www.truecar.com/used-cars-for-sale/listing/5NPD84LF5LH547628
Nissan,Rogue,S AWD,2017,119343,Automatic,2.5L Inline-4 Gas,Gas,SUV,11491.0,https://www.truecar.com/used-cars-for-sale/listing/KNMAT2MV3HP510813
Ford,Escape,Titanium 4WD,2013,131820,Automatic,2.0L Inline-4 Gas Turbocharged,Gas,SUV,8500.0,https://www.truecar.com/used-cars-for-sale/listing/1FMCU9J94DUD53967
Toyota,Corolla,LE CVT,2020,35531,Automatic,1.8L Inline-4 Gas,Gas,Sedan,18985.0,https://www.truecar.com/used-cars-for-sale/listing/5YFEPRAE4LP058493
Toyota,Prius,Two,2010,162804,Automatic,1.8L Inline-4 Hybrid,Hybrid,Sedan,6900.0,https://www.truecar.com/used-cars-for-sale/listing/JTDKN3DUXA0224306
Toyota,Camry,2014 LE I4 Automatic,2014,193292,Automatic,2.5L Inline-4 Gas,Gas,Sedan,5700.0,https://www.truecar.com/used-cars-for-sale/listing/4T4BF1FK9ER428687
Ford,F-150,XLT SuperCrew 5.5' Box 4WD,2020,60904,Automatic,3.5L V-6 Gas Turbocharged,Gas,Pickup Truck,32091.0,https://www.truecar.com/used-cars-for-sale/listing/1FTEW1E4XLFB36305
Honda,Civic,LX Sedan Automatic,2013,131365,Automatic,1.8L Inline-4 Gas,Gas,Sedan,8995.0,https://www.truecar.com/used-cars-for-sale/listing/19XFB2F58DE022442
Toyota,Corolla,LE CVT,2020,28264,Automatic,1.8L Inline-4 Gas,Gas,Sedan,17969.0,https://www.truecar.com/used-cars-for-sale/listing/JTDEPRAE9LJ061118
Hyundai,Elantra,SEL 2.0L IVT,2020,67319,Automatic,2.0L Inline-4 Gas,Gas,Sedan,15200.0,https://www.truecar.com/used-cars-for-sale/listing/5NPD84LF7LH509480
Ford,Escape,SEL FWD,2018,58930,Automatic,1.5L Inline-4 Gas Turbocharged,Gas,SUV,16995.0,https://www.truecar.com/used-cars-for-sale/listing/1FMCU0HD6JUB47910
Dodge,Charger,GT RWD,2019,51641,Automatic,3.6L V-6 Gas,Gas,Sedan,24100.0,https://www.truecar.com/used-cars-for-sale/listing/2C3CDXHG8KH561965
Ford,Super Duty F-250,LARIAT Crew Cab 6.75' Box 4WD,2022,26731,Automatic,7.3L V-8 Gas,Gas,Pickup Truck,68971.0,https://www.truecar.com/used-cars-for-sale/listing/1FT7W2BN8NEE37790
Nissan,Versa,SV CVT,2020,69204,Automatic,1.6L Inline-4 Gas,Gas,Sedan,14802.0,https://www.truecar.com/used-cars-for-sale/listing/3N1CN8EV4LL864156
Ford,F-150,XL SuperCrew 5.5' Box 4WD,2020,62221,Automatic,2.7L V-6 Gas Turbocharged,Gas,Pickup Truck,30495.0,https://www.truecar.com/used-cars-for-sale/listing/1FTEW1EP8LKD50307
HUMMER,H2,SUV,2003,148347,Automatic,6.0L V-8 Gas,Gas,SUV,11995.0,https://www.truecar.com/used-cars-for-sale/listing/5GRGN23U83H133801
Ford,F-150,XLT SuperCrew 5.5' Box 4WD,2019,88839,Automatic,2.7L V-6 Gas Turbocharged,Gas,Pickup Truck,28900.0,https://www.truecar.com/used-cars-for-sale/listing/1FTEW1EP4KFD04917
Kia,Optima,LX Automatic,2020,68662,Automatic,2.4L Inline-4 Gas,Gas,Sedan,16991.0,https://www.truecar.com/used-cars-for-sale/listing/5XXGT4L33LG381199
Ford,Focus,SE Sedan,2017,114844,Automatic,1.0L Inline-3 Gas Turbocharged,Gas,Sedan,7995.0,https://www.truecar.com/used-cars-for-sale/listing/1FADP3FE8HL337999
Toyota,Corolla,LE CVT,2020,32304,Automatic,1.8L Inline-4 Gas,Gas,Sedan,19600.0,https://www.truecar.com/used-cars-for-sale/listing/JTDEPRAE2LJ082828
Toyota,Corolla,LE CVT,2020,62696,Automatic,1.8L Inline-4 Gas,Gas,Sedan,16799.0,https://www.truecar.com/used-cars-for-sale/listing/JTDEPRAE6LJ085649
Toyota,Corolla,LE CVT,2020,56765,Automatic,1.8L Inline-4 Gas,Gas,Sedan,17827.0,https://www.truecar.com/used-cars-for-sale/listing/5YFEPRAE7LP099460
BMW,X3,3.0i AWD,2006,165081,Automatic,3.0L Inline-6 Gas,Gas,SUV,2495.0,https://www.truecar.com/used-cars-for-sale/listing/WBXPA93466WG78987
Ford,EcoSport,Titanium 4WD,2020,35995,Automatic,2.0L Inline-4 Gas,Gas,SUV,16850.0,https://www.truecar.com/used-cars-for-sale/listing/MAJ6S3KL6LC334877
Ford,F-150,XLT SuperCrew 5.5' Box 4WD,2021,69521,Automatic,5.0L V-8 Gas,Gas,Pickup Truck,36500.0,https://www.truecar.com/used-cars-for-sale/listing/1FTFW1E58MFA72263
Toyota,Corolla,LE CVT,2020,42829,Automatic,1.8L Inline-4 Gas,Gas,Sedan,18500.0,https://www.truecar.com/used-cars-for-sale/listing/5YFEPRAE3LP102998
Chevrolet,Malibu,LT,2020,64916,Automatic,1.5L Inline-4 Gas Turbocharged,Gas,Sedan,18200.0,https://www.truecar.com/used-cars-for-sale/listing/1G1ZD5ST0LF103607
Ford,Explorer,Base 4WD,2013,201532,Automatic,3.5L V-6 Gas,Gas,SUV,5995.0,https://www.truecar.com/used-cars-for-sale/listing/1FM5K8B88DGB94268
Toyota,Camry,SE FWD Automatic,2020,63148,Automatic,2.5L Inline-4 Gas,Gas,Sedan,19759.0,https://www.truecar.com/used-cars-for-sale/listing/4T1G11AK6LU902713
Ford,Super Duty F-250,XLT Crew Cab 6.75' Box 4WD,2021,69895,Automatic,6.2L V-8 Gas,Gas,Pickup Truck,41924.0,https://www.truecar.com/used-cars-for-sale/listing/1FT7W2B67MEC67848
Chevrolet,Malibu,LT,2020,63127,Automatic,1.5L Inline-4 Gas Turbocharged,Gas,Sedan,16999.0,https://www.truecar.com/used-cars-for-sale/listing/1G1ZD5ST3LF082428
Ford,Focus,SE Sedan,2018,101986,Automatic,2.0L Inline-4 Gas Turbocharged,Gas,Sedan,9994.0,https://www.truecar.com/used-cars-for-sale/listing/1FADP3F21JL225329
Chevrolet,Traverse,LT Cloth with 1LT AWD,2019,109831,Automatic,3.6L V-6 Gas,Gas,SUV,17990.0,https://www.truecar.com/used-cars-for-sale/listing/1GNEVGKW7KJ100117
Honda,CR-V,EX-L FWD,2019,90981,Automatic,1.5L Inline-4 Gas Turbocharged,Gas,SUV,20991.0,https://www.truecar.com/used-cars-for-sale/listing/5J6RW1H85KA047411
Ford,Fusion,SE FWD,2014,101780,Automatic,2.5L Inline-4 Gas,Gas,Sedan,9495.0,https://www.truecar.com/used-cars-for-sale/listing/3FA6P0H74ER119089
Hyundai,Elantra,SEL 2.0L IVT,2020,64002,Automatic,2.0L Inline-4 Gas,Gas,Sedan,15099.0,https://www.truecar.com/used-cars-for-sale/listing/5NPD84LFXLH576798
Toyota,Camry,SE FWD Automatic,2020,35166,Automatic,2.5L Inline-4 Gas,Gas,Sedan,23588.0,https://www.truecar.com/used-cars-for-sale/listing/4T1M11AK5LU916931
Hyundai,Accent,SE Sedan Automatic,2016,96536,Automatic,1.6L Inline-4 Gas,Gas,Sedan,7850.0,https://www.truecar.com/used-cars-for-sale/listing/KMHCT4AE8GU031873
Nissan,Rogue,S FWD,2016,87161,Automatic,2.5L Inline-4 Gas,Gas,SUV,11984.0,https://www.truecar.com/used-cars-for-sale/listing/JN8AT2MT7GW018633
Toyota,Camry,Hybrid SE,2019,156964,Automatic,2.5L Inline-4 Hybrid,Hybrid,Sedan,17095.0,https://www.truecar.com/used-cars-for-sale/listing/4T1B21HK6KU012336
Kia,Optima,LX Automatic,2020,65836,Automatic,2.4L Inline-4 Gas,Gas,Sedan,15754.0,https://www.truecar.com/used-cars-for-sale/listing/5XXGT4L34LG424481
Nissan,Sentra,SV CVT,2019,60360,Automatic,1.8L Inline-4 Gas,Gas,Sedan,13679.0,https://www.truecar.com/used-cars-for-sale/listing/3N1AB7AP2KY428585
Chevrolet,Equinox,LT with 2FL FWD,2020,25524,Automatic,1.5L Inline-4 Gas Turbocharged,Gas,SUV,18464.0,https://www.truecar.com/used-cars-for-sale/listing/2GNAXJEV2L6102624
Toyota,Corolla,SE CVT,2020,57407,Automatic,2.0L Inline-4 Gas,Gas,Sedan,15786.0,https://www.truecar.com/used-cars-for-sale/listing/JTDS4RCE8LJ002098
Hyundai,Elantra,SEL 2.0L IVT,2020,63477,Automatic,2.0L Inline-4 Gas,Gas,Sedan,17000.0,https://www.truecar.com/used-cars-for-sale/listing/5NPD84LF8LH571406
Kia,Forte,LXS IVT,2020,20128,Automatic,2.0L Inline-4 Gas,Gas,Sedan,18887.0,https://www.truecar.com/used-cars-for-sale/listing/3KPF24ADXLE231402
Ford,F-150,XLT SuperCrew 5.5' Box 4WD,2018,48905,Automatic,2.7L V-6 Gas Turbocharged,Gas,Pickup Truck,33500.0,https://www.truecar.com/used-cars-for-sale/listing/1FTEW1EP9JKF09817
Toyota,Camry,SE FWD Automatic,2020,66869,Automatic,2.5L Inline-4 Gas,Gas,Sedan,19480.0,https://www.truecar.com/used-cars-for-sale/listing/4T1G11AK9LU347689
Toyota,Corolla,LE CVT,2020,47327,Automatic,1.8L Inline-4 Gas,Gas,Sedan,19988.0,https://www.truecar.com/used-cars-for-sale/listing/5YFEPRAE0LP031775
Ford,F-150,XLT SuperCrew 6.5' Box 2WD,2019,125650,Automatic,5.0L V-8 Gas Turbocharged,Gas,Pickup Truck,22495.0,https://www.truecar.com/used-cars-for-sale/listing/1FTEW1C53KFA67824
Hyundai,Elantra,SEL 2.0L IVT,2020,66292,Automatic,2.0L Inline-4 Gas,Gas,Sedan,16200.0,https://www.truecar.com/used-cars-for-sale/listing/5NPD84LF7LH566794
Mercedes-Benz,C-Class,C 300 Sedan RWD,2017,53780,Automatic,2.0L Inline-4 Gas Turbocharged,Gas,Sedan,20000.0,https://www.truecar.com/used-cars-for-sale/listing/55SWF4JB8HU184731
Chevrolet,Cruze,LT with 1LT Automatic,2014,81862,Automatic,1.4L Inline-4 Gas Turbocharged,Gas,Sedan,8499.0,https://www.truecar.com/used-cars-for-sale/listing/1G1PC5SB9E7348968
Honda,Accord,LX 1.5T CVT,2020,32866,Automatic,1.5L Inline-4 Gas Turbocharged,Gas,Sedan,21997.0,https://www.truecar.com/used-cars-for-sale/listing/1HGCV1F11LA012940
Toyota,Camry,XLE I4 Automatic,2018,14870,Automatic,2.5L Inline-4 Gas,Gas,Sedan,18500.0,https://www.truecar.com/used-cars-for-sale/listing/4T1B11HK4JU650439
Jeep,Wrangler,Unlimited Sahara High Altitude,2021,42082,Automatic,2.0L Inline-4 Gas Turbocharged,Gas,SUV,38677.0,https://www.truecar.com/used-cars-for-sale/listing/1C4HJXEN3MW551829
Toyota,Camry,SE FWD Automatic,2020,39879,Automatic,2.5L Inline-4 Gas,Gas,Sedan,20935.0,https://www.truecar.com/used-cars-for-sale/listing/4T1G11AK9LU922289
Ford,Super Duty F-250,Limited 4WD Crew Cab 6.75' Box,2019,55590,Automatic,6.7L V-8 Diesel Turbocharged,Diesel,Pickup Truck,63311.0,https://www.truecar.com/used-cars-for-sale/listing/1FT7W2BT1KEC77438
Nissan,Altima,2.5 S,2015,95570,Automatic,2.5L Inline-4 Gas,Gas,Sedan,10995.0,https://www.truecar.com/used-cars-for-sale/listing/1N4AL3AP1FC450245
Toyota,Corolla,LE CVT,2019,88281,Automatic,1.8L Inline-4 Gas,Gas,Sedan,13000.0,https://www.truecar.com/used-cars-for-sale/listing/5YFBURHE0KP949851
Nissan,Altima,2.5 S,2015,161185,Automatic,2.5L Inline-4 Gas,Gas,Sedan,7600.0,https://www.truecar.com/used-cars-for-sale/listing/1N4AL3AP7FN341745
Chrysler,Voyager,LXI FWD,2020,62858,Automatic,3.6L V-6 Gas,Gas,Minivan,16999.0,https://www.truecar.com/used-cars-for-sale/listing/2C4RC1DG0LR257438
Toyota,Tacoma,SR5 Double Cab 5' Bed V6 4WD Automatic,2017,75571,Automatic,3.5L V-6 Gas,Gas,Pickup Truck,27000.0,https://www.truecar.com/used-cars-for-sale/listing/5TFCZ5AN3HX061615
Ford,Focus,SE Sedan,2012,113838,Automatic,2.0L Inline-4 Gas,Gas,Sedan,4995.0,https://www.truecar.com/used-cars-for-sale/listing/1FAHP3F29CL417568
Ford,Explorer,XLT FWD,2017,101538,Automatic,3.5L V-6 Gas,Gas,SUV,18228.0,https://www.truecar.com/used-cars-for-sale/listing/1FM5K7D84HGD86672
Ford,F-150,XLT SuperCrew 5.5' Box 4WD,2019,72999,Automatic,3.5L V-6 Gas Turbocharged,Gas,Pickup Truck,32000.0,https://www.truecar.com/used-cars-for-sale/listing/1FTEW1E4XKKE09605
Chevrolet,Malibu,LT,2021,24581,Automatic,1.5L Inline-4 Gas Turbocharged,Gas,Sedan,20852.0,https://www.truecar.com/used-cars-for-sale/listing/1G1ZD5ST5MF012222
Hyundai,Elantra,SEL 2.0L IVT,2020,70641,Automatic,2.0L Inline-4 Gas,Gas,Sedan,15711.0,https://www.truecar.com/used-cars-for-sale/listing/5NPD84LF3LH575847
Hyundai,Elantra,SEL 2.0L IVT,2020,64198,Automatic,2.0L Inline-4 Gas,Gas,Sedan,16000.0,https://www.truecar.com/used-cars-for-sale/listing/5NPD84LF8LH535120
Ford,Super Duty F-250,XL 4WD Crew Cab 6.75' Box,2019,157490,Automatic,6.2L V-8 Gas,Gas,Pickup Truck,26995.0,https://www.truecar.com/used-cars-for-sale/listing/1FT7W2B65KEE57029
Kia,Forte,LXS IVT,2021,41386,Automatic,2.0L Inline-4 Gas,Gas,Sedan,16888.0,https://www.truecar.com/used-cars-for-sale/listing/3KPF24AD3ME322822
BMW,3 Series,328i Sedan RWD (SULEV),2015,49267,Automatic,2.0L Inline-4 Gas Turbocharged,Gas,Sedan,14975.0,https://www.truecar.com/used-cars-for-sale/listing/WBA3C1C53FP852342
Ford,Fusion,SE FWD,2020,32767,Automatic,1.5L Inline-4 Gas Turbocharged,Gas,Sedan,17999.0,https://www.truecar.com/used-cars-for-sale/listing/3FA6P0HD1LR110059
Chevrolet,Malibu,LT,2020,69652,Automatic,1.5L Inline-4 Gas Turbocharged,Gas,Sedan,17083.0,https://www.truecar.com/used-cars-for-sale/listing/1G1ZD5ST4LF064911
Honda,Civic,LX Sedan CVT,2020,10211,Automatic,2.0L Inline-4 Gas,Gas,Sedan,17995.0,https://www.truecar.com/used-cars-for-sale/listing/19XFC2F67LE018970
Toyota,Corolla,LE CVT,2021,34760,Automatic,1.8L Inline-4 Gas,Gas,Sedan,20000.0,https://www.truecar.com/used-cars-for-sale/listing/5YFEPMAEXMP246827
Ford,F-150,Limited SuperCrew 5.5' Box 4WD,2013,74631,Automatic,3.5L V-6 Gas Turbocharged,Gas,Pickup Truck,24323.0,https://www.truecar.com/used-cars-for-sale/listing/1FTFW1ET2DFD83086
Ford,F-150,XLT SuperCrew 5.5' Box 4WD,2019,70950,Automatic,5.0L V-8 Gas,Gas,Pickup Truck,30024.0,https://www.truecar.com/used-cars-for-sale/listing/1FTFW1E59KFC58262
Chevrolet,Malibu,LT,2020,66554,Automatic,1.5L Inline-4 Gas Turbocharged,Gas,Sedan,16712.0,https://www.truecar.com/used-cars-for-sale/listing/1G1ZD5STXLF064573
Toyota,Corolla,LE CVT,2021,24526,Automatic,1.8L Inline-4 Gas,Gas,Sedan,19499.0,https://www.truecar.com/used-cars-for-sale/listing/5YFEPMAE1MP233187
Hyundai,Elantra,SEL 2.0L IVT,2020,68723,Automatic,2.0L Inline-4 Gas,Gas,Sedan,17466.0,https://www.truecar.com/used-cars-for-sale/listing/5NPD84LF0LH583940
Kia,Soul,S IVT,2020,59453,Automatic,2.0L Inline-4 Gas,Gas,Hatchback,16500.0,https://www.truecar.com/used-cars-for-sale/listing/KNDJ23AU6L7058613
